,53,54,61,217,399,696,714,849,970,1275,1370,1423
1,HLA_A_0301a,HLA_A_0205a,HLA_A_0201a,HLA_A_0201a,HLA_A_0101a,HLA_A_0201a,HLA_A_0101a,HLA_A_0201a,HLA_A_0301a,HLA_A_0201a,HLA_A_0301a,HLA_A_0101a
2,HLA_A_2402a,HLA_A_0301a,HLA_A_2402a,HLA_A_2601a,HLA_A_1101b,HLA_A_1101a,HLA_A_1101a,HLA_A_2902a,HLA_A_6802a,HLA_A_2402a,HLA_A_0301b,HLA_A_0101b
3,HLA_C_0102a,HLA_C_0401a,HLA_C_0304a,HLA_C_0702a,HLA_C_0501a,HLA_C_0701a,HLA_C_0202a,HLA_C_0602a,HLA_C_0401a,HLA_C_0202a,HLA_C_0102a,HLA_C_0501a
4,HLA_C_0401b,HLA_C_1402a,HLA_C_1701a,HLA_C_0702a,HLA_C_1202a,HLA_C_0702a,HLA_C_0701a,HLA_C_1601a,HLA_C_0702a,HLA_C_0303a,HLA_C_0401a,HLA_C_0701a
5,HLA_B_2705a,HLA_B_1516a,HLA_C_0802a,HLA_B_0702a,HLA_B_4402a,HLA_B_1801a,HLA_B_0702a,HLA_B_4404a,HLA_B_0702a,HLA_B_1507a,HLA_B_3501a,HLA_B_0801a
6,HLA_B_3501a,HLA_B_3501a,HLA_B_1401a,HLA_B_4102a,HLA_B_5201a,HLA_B_1801b,HLA_B_0801b,HLA_B_5701a,HLA_B_5301a,HLA_B_2705a,HLA_B_5101a,HLA_B_4402a
7,HLA_DRB1_0101a,HLA_DRB1_0101a,HLA_B_4001a,HLA_DRB1_0101a,HLA_DRB1_1301a,HLA_DRB1_0401a,HLA_DRB1_0301a,HLA_DRB1_0701a,HLA_DRB1_0401a,HLA_DRB1_0404a,HLA_DRB1_0101a,HLA_DRB1_0301a
8,HLA_DRB1_1101a,HLA_DRB1_0102a,HLA_DRB1_0701a,HLA_DRB1_1303a,HLA_DRB1_1502a,HLA_DRB1_0404a,HLA_DRB1_0701a,HLA_DRB1_0701b,HLA_DRB1_1302a,HLA_DQA1_0101a,HLA_DRB1_0101a,HLA_DRB1_0402a
9,HLA_DQA1_0101a,HLA_DQA1_0101a,HLA_DRB1_0701b,HLA_DQA1_0101a,HLA_DQA1_0103a,HLA_DQA1_0301a,HLA_DQA1_0201a,HLA_DQA1_0201a,HLA_DQA1_0102a,HLA_DQA1_0301a,HLA_DQA1_0101a,HLA_DQA1_0301a
10,HLA_DQA1_0501a,HLA_DQA1_0101b,HLA_DQA1_0201a,HLA_DQA1_0501a,HLA_DQA1_0103b,HLA_DQA1_0301b,HLA_DQA1_0501a,HLA_DQA1_0201b,HLA_DQA1_0301a,HLA_DQB1_0302a,HLA_DQA1_0101b,HLA_DQA1_0501a
11,HLA_DQB1_0301a,HLA_DQB1_0501a,HLA_DQA1_0201b,HLA_DQB1_0201a,HLA_DQB1_0601a,HLA_DQB1_0302a,HLA_DQB1_0201a,HLA_DQB1_0202a,HLA_DQB1_0604a,HLA_DQB1_0501a,HLA_DQB1_0501a,HLA_DQB1_0201a
12,HLA_DQB1_0501a,HLA_DQB1_0501b,HLA_DQB1_0202a,HLA_DQB1_0501b,HLA_DQB1_0603a,HLA_DQB1_0302b,HLA_DQB1_0303a,HLA_DQB1_0303a,HLA_DQB1_0604a,HLA_DQB1_0501a,HLA_DQB1_0501b,HLA_DQB1_0201b
13,HLA_DPA1_0103a,HLA_DPA1_0103a,HLA_DQB1_0202b,HLA_DPA1_0103b,HLA_DPA1_0103b,HLA_DPA1_0103b,HLA_DPA1_0103b,HLA_DPA1_0103a,HLA_DPA1_0103a,HLA_DPA1_0103b,HLA_DPA1_0103a,HLA_DPA1_0103a
14,HLA_DPA1_0103b,HLA_DPA1_0103b,HLA_DPA1_0103a,HLA_DPA1_0201a,HLA_DPA1_0201a,HLA_DPA1_0201a,HLA_DPA1_0201a,HLA_DPA1_0103b,HLA_DPA1_0103b,HLA_DPA1_0201a,HLA_DPA1_0103b,HLA_DPA1_0103b
15,HLA_DPB1_0401a,HLA_DPB1_0401a,HLA_DPA1_0103b,HLA_DPB1_0101a,HLA_DPB1_0401a,HLA_DPB1_1101a,HLA_DPB1_0101a,HLA_DPB1_0301a,HLA_DPB1_0401a,HLA_DPB1_0601a,HLA_DPB1_0301a,HLA_DPB1_0201a
16,HLA_DPB1_0401b,HLA_DPB1_0402a,HLA_DPB1_0201a,HLA_DPB1_0201a,HLA_DPB1_1701a,HLA_DPB1_2301a,HLA_DPB1_0401a,HLA_DPB1_0401a,HLA_DPB1_0401b,HLA_DPB1_0901a,HLA_DPB1_0402a,HLA_DPB1_0301a
,,,HLA_DPB1_0201b,,,,,,,,,
,,,,,,,,,,,,
,,,,,,,,HLA_A_0201a,,,,
,HLA_A_0301a,HLA_A_0205a,HLA_A_0201a,HLA_A_0201a,HLA_A_0101a,HLA_A_0201a,HLA_A_0101a,HLA_A_2902a,HLA_A_0301a,HLA_A_0201a,HLA_A_0301a,HLA_A_0101a
,HLA_A_2402a,HLA_A_0301a,HLA_A_2402a,HLA_A_2601a,HLA_A_0102a,HLA_A_1101a,HLA_A_1101a,HLA_C_0602a,HLA_A_6802a,HLA_A_2402a,HLA_A_0301b,HLA_A_0101b
,HLA_C_0102a,HLA_C_0401a,HLA_C_0304a,HLA_C_0702a,HLA_A_0103a,HLA_C_0701a,HLA_C_0202a,HLA_C_1601a,HLA_C_0401a,HLA_C_0202a,HLA_C_0102a,HLA_C_0501a
,HLA_C_0202a,HLA_C_1402a,HLA_C_0305a,HLA_C_1701a,HLA_A_0201a,HLA_C_0702a,HLA_C_0701a,HLA_B_4404a,HLA_C_0702a,HLA_C_0303a,HLA_C_0401a,HLA_C_0701a
,HLA_C_0206a,HLA_B_1516a,HLA_C_0802a,HLA_B_0702a,HLA_A_0202a,HLA_B_1801a,HLA_B_0702a,HLA_B_5701a,HLA_B_0702a,HLA_B_1507a,HLA_B_3501a,HLA_B_0801a
,HLA_C_0302a,HLA_B_3501a,HLA_B_1401a,HLA_B_4102a,HLA_A_0203a,HLA_DRB1_0401a,HLA_B_0704a,HLA_B_8101a,HLA_B_5301a,HLA_B_2705a,HLA_B_5101a,HLA_B_4402a
,HLA_C_0303a,HLA_DRB1_0101a,HLA_B_4001a,HLA_DRB1_0101a,HLA_A_0205a,HLA_DRB1_0404a,HLA_B_0705a,HLA_DRB1_0701a,HLA_DRB1_0401a,HLA_DRB1_0404a,HLA_DRB1_0101a,HLA_DRB1_0301a
,HLA_C_0304a,HLA_DRB1_0102a,HLA_DRB1_0701a,HLA_DRB1_1303a,HLA_A_0206a,HLA_DQA1_0301a,HLA_B_0801a,HLA_DRB1_0701b,HLA_DRB1_1302a,HLA_DQA1_0101a,HLA_DQA1_0101a,HLA_DRB1_0402a
,HLA_C_0305a,HLA_DQA1_0101a,HLA_DRB1_0701b,HLA_DQA1_0101a,HLA_A_0207a,HLA_DQA1_0301b,HLA_B_0801b,HLA_DQA1_0201a,HLA_DQA1_0102a,HLA_DQA1_0301a,HLA_DQA1_0101b,HLA_DQA1_0301a
,HLA_C_0306a,HLA_DQA1_0101b,HLA_DQA1_0201a,HLA_DQA1_0501a,HLA_A_0211a,HLA_DQB1_0302a,HLA_B_1301a,HLA_DQA1_0201b,HLA_DQA1_0301a,HLA_DQB1_0302a,HLA_DQB1_0501a,HLA_DQA1_0501a
,HLA_C_0401a,HLA_DQB1_0501a,HLA_DQA1_0201b,HLA_DQB1_0201a,HLA_A_0216a,HLA_DQB1_0302b,HLA_B_1302a,HLA_DQB1_0202a,HLA_DQB1_0604a,HLA_DQB1_0501a,HLA_DQB1_0501b,HLA_DQB1_0201a
,HLA_C_0401b,HLA_DQB1_0501b,HLA_DQB1_0202a,HLA_DQB1_0202a,HLA_A_0217a,HLA_DPA1_0103b,HLA_B_1401a,HLA_DQB1_0303a,HLA_DPA1_0103a,HLA_DPA1_0103b,HLA_DPA1_0103a,HLA_DQB1_0201b
,HLA_C_0403a,HLA_DPA1_0103a,HLA_DQB1_0202b,HLA_DQB1_0301a,HLA_A_0301a,HLA_DPA1_0201a,HLA_B_1402a,HLA_DPA1_0103a,HLA_DPA1_0103b,HLA_DPA1_0201a,HLA_DPA1_0103b,HLA_DQB1_0202a
,HLA_C_0404a,HLA_DPA1_0103b,HLA_DPA1_0103a,HLA_DQB1_0302a,HLA_A_0302a,HLA_DPB1_1101a,HLA_B_1501a,HLA_DPA1_0103b,HLA_DPB1_0401a,HLA_DPB1_0601a,HLA_DPB1_0301a,HLA_DQB1_0301a
,HLA_C_0407a,HLA_DPB1_0401a,HLA_DPA1_0103b,HLA_DQB1_0303a,HLA_A_1101a,HLA_DPB1_2301a,HLA_B_1502a,HLA_DPB1_0301a,HLA_DPB1_0401b,HLA_DPB1_0901a,HLA_DPB1_0402a,HLA_DQB1_0302a
,HLA_C_0410a,HLA_DPB1_0402a,HLA_DPB1_0201a,HLA_DQB1_0304a,HLA_A_1101b,,HLA_B_1503a,HLA_DPB1_0401a,,,,HLA_DQB1_0303a
,HLA_C_0501a,,HLA_DPB1_0201b,HLA_DQB1_0305a,HLA_A_1102a,,HLA_B_1504a,,,,,HLA_DQB1_0304a
,HLA_C_0602a,,,HLA_DQB1_0401a,HLA_A_1103a,,HLA_B_1505a,,,,,HLA_DQB1_0305a
,HLA_C_0701a,,,HLA_DQB1_0402a,HLA_A_1105a,,HLA_B_1506a,,,,,HLA_DQB1_0401a
,HLA_C_0702a,,,HLA_DQB1_0501a,HLA_A_2301a,,HLA_B_1507a,,,,,HLA_DQB1_0402a
,HLA_C_0704a,,,HLA_DQB1_0501b,HLA_A_2401a,,HLA_B_1508a,,,,,HLA_DQB1_0501a
,HLA_C_0726a,,,HLA_DQB1_0502a,HLA_A_2402a,,HLA_B_1509a,,,,,HLA_DQB1_0502a
,HLA_C_0801a,,,HLA_DQB1_0503a,HLA_A_2403a,,HLA_B_1510a,,,,,HLA_DQB1_0503a
,HLA_C_0802a,,,HLA_DQB1_0504a,HLA_A_2407a,,HLA_B_1513a,,,,,HLA_DQB1_0504a
,HLA_C_1202a,,,HLA_DQB1_0601a,HLA_A_2410a,,HLA_B_1515a,,,,,HLA_DQB1_0601a
,HLA_C_1203a,,,HLA_DQB1_0602a,HLA_A_2501a,,HLA_B_1516a,,,,,HLA_DQB1_0602a
,HLA_C_1204a,,,HLA_DQB1_0603a,HLA_A_2601a,,HLA_B_1517a,,,,,HLA_DQB1_0603a
,HLA_C_1402a,,,HLA_DQB1_0604a,HLA_A_2608a,,HLA_B_1518a,,,,,HLA_DQB1_0604a
,HLA_C_1502a,,,HLA_DQB1_0609a,HLA_A_2901a,,HLA_B_1521a,,,,,HLA_DQB1_0609a
,HLA_C_1504a,,,HLA_DPA1_0103b,HLA_A_2902a,,HLA_B_1524a,,,,,HLA_DPA1_0103a
,HLA_C_1505a,,,HLA_DPA1_0201a,HLA_A_3001a,,HLA_B_1525a,,,,,HLA_DPA1_0103b
,HLA_C_1601a,,,HLA_DPB1_0101a,HLA_A_3002a,,HLA_B_1526a,,,,,HLA_DPB1_0201a
,HLA_C_1602a,,,HLA_DPB1_0201a,HLA_A_3004a,,HLA_B_1527a,,,,,HLA_DPB1_0301a
,HLA_C_1604a,,,,HLA_A_3101a,,HLA_B_1530a,,,,,
,HLA_C_1701a,,,,HLA_A_3103a,,HLA_B_1801a,,,HLA_A_0201a,,
,HLA_C_1801a,,,,HLA_A_3112a,,HLA_B_1802a,,,HLA_A_2402a,,
,HLA_B_2705a,,,,HLA_A_3201a,,HLA_B_2702a,,,HLA_C_0202a,,
,HLA_B_3501a,,,,HLA_A_3301a,,HLA_B_2703a,,,HLA_C_0303a,,
,HLA_DRB1_0101a,,,,HLA_A_3303a,,HLA_B_2704a,,,HLA_B_1507a,,
,HLA_DRB1_1101a,,,,HLA_A_3401a,,HLA_B_2705a,,,HLA_B_2705a,,
,HLA_DQA1_0101a,,,,HLA_A_3402a,,HLA_B_2707a,,,HLA_DRB1_0404a,,
,HLA_DQA1_0501a,,,,HLA_A_3601a,,HLA_B_3501a,,,HLA_DQA1_0101a,,
,HLA_DQB1_0301a,,,,HLA_A_3603a,,HLA_B_3502a,,,HLA_DQA1_0301a,,
,HLA_DQB1_0501a,,,,HLA_A_6601a,,HLA_B_3503a,,,HLA_DQB1_0302a,,
,HLA_DPA1_0103a,,,,HLA_A_6602a,,HLA_B_3505a,,,HLA_DQB1_0501a,,
,HLA_DPA1_0103b,,,,HLA_A_6801a,,HLA_B_3508a,,,HLA_DPA1_0103b,,
,HLA_DPB1_0401a,,,,HLA_A_6802a,,HLA_B_3512a,,,HLA_DPA1_0201a,,
,HLA_DPB1_0401b,,,,HLA_A_6803a,,HLA_B_3514a,,,HLA_DPB1_0601a,,
,,,,,HLA_A_6901a,,HLA_B_3517a,,,HLA_DPB1_0901a,,
,,,,,HLA_A_7401a,,HLA_B_3521a,,,,,
,,,,,HLA_A_8001a,,HLA_B_3543a,,,,,
,,,,,HLA_C_0501a,,HLA_B_3701a,,,,,
,,,,,HLA_C_1202a,,HLA_B_3801a,,,,,
,,,,,HLA_B_4402a,,HLA_B_3802a,,,,,
,,,,,HLA_B_5201a,,HLA_B_3901a,,,,,
,,,,,HLA_DRB1_13a,,HLA_B_3902a,,,,,
,,,,,HLA_DRB1_1301a,,HLA_B_3906a,,,,,
,,,,,HLA_DRB1_1502a,,HLA_B_3908a,,,,,
,,,,,HLA_DQA1_0103a,,HLA_B_3909a,,,,,
,,,,,HLA_DQA1_0103b,,HLA_B_3910a,,,,,
,,,,,HLA_DQB1_0601a,,HLA_B_4001a,,,,,
,,,,,HLA_DQB1_0603a,,HLA_B_4002a,,,,,
,,,,,HLA_DPA1_0103b,,HLA_B_4005a,,,,,
,,,,,HLA_DPA1_0201a,,HLA_B_4006a,,,,,
,,,,,HLA_DPB1_0401a,,HLA_B_4009a,,,,,
,,,,,HLA_DPB1_1701a,,HLA_B_4010a,,,,,
,,,,,,,HLA_B_4023a,,,,,
,,,,,,,HLA_B_4101a,,,,,
,,,,,,,HLA_B_4102a,,,,,
,,,,,,,HLA_B_4201a,,,,,
,,,,,,,HLA_B_4202a,,,,,
,,,,,,,HLA_B_4402a,,,,,
,,,,,,,HLA_B_4403a,,,,,
,,,,,,,HLA_B_4404a,,,,,
,,,,,,,HLA_B_4405a,,,,,
,,,,,,,HLA_B_4501a,,,,,
,,,,,,,HLA_B_4601a,,,,,
,,,,,,,HLA_B_4701a,,,,,
,,,,,,,HLA_B_4801a,,,,,
,,,,,,,HLA_B_4901a,,,,,
,,,,,,,HLA_B_5001a,,,,,
,,,,,,,HLA_B_5002a,,,,,
,,,,,,,HLA_B_5101a,,,,,
,,,,,,,HLA_B_5102a,,,,,
,,,,,,,HLA_B_5105a,,,,,
,,,,,,,HLA_B_5106a,,,,,
,,,,,,,HLA_B_5108a,,,,,
,,,,,,,HLA_B_5201a,,,,,
,,,,,,,HLA_B_5301a,,,,,
,,,,,,,HLA_B_5401a,,,,,
,,,,,,,HLA_B_5501a,,,,,
,,,,,,,HLA_B_5601a,,,,,
,,,,,,,HLA_B_5603a,,,,,
,,,,,,,HLA_B_5604a,,,,,
,,,,,,,HLA_B_5701a,,,,,
,,,,,,,HLA_B_5702a,,,,,
,,,,,,,HLA_B_5703a,,,,,
,,,,,,,HLA_B_5801a,,,,,
,,,,,,,HLA_B_5802a,,,,,
,,,,,,,HLA_B_7301a,,,,,
,,,,,,,HLA_B_7801a,,,,,
,,,,,,,HLA_B_8101a,,,,,
,,,,,,,HLA_DRB1_0301a,,,,,
,,,,,,,HLA_DRB1_0701a,,,,,
,,,,,,,HLA_DQA1_0201a,,,,,
,,,,,,,HLA_DQA1_0501a,,,,,
,,,,,,,HLA_DQB1_0201a,,,,,
,,,,,,,HLA_DQB1_0303a,,,,,
,,,,,,,HLA_DPA1_0103b,,,,,
,,,,,,,HLA_DPA1_0201a,,,,,
,,,,,,,HLA_DPB1_0101a,,,,,
,,,,,,,HLA_DPB1_0401a,,,,,
